Product name,Category,SKU,Reorder point,Unit,Starting stock,Selling price per unit,Cost price per unit,Barcode
Coca-Cola 50cl,Beverages,STK-0001,4,bottle,24,500,350,
Fanta Orange 50cl,Beverages,STK-0002,4,bottle,24,500,350,
Sprite 50cl,Beverages,STK-0003,4,bottle,24,500,350,
Pepsi 50cl,Beverages,STK-0004,4,bottle,24,500,350,
Bottle Water 75cl,Beverages,STK-0005,9,bottle,48,300,180,
Malt Drink 33cl,Beverages,STK-0006,4,can,24,700,500,
Energy Drink 25cl,Beverages,STK-0007,3,can,12,800,600,
Fruit Juice 1L,Beverages,STK-0008,3,bottle,12,1800,1300,
Powdered Milk Sachet,Beverages,STK-0009,20,sachet,100,150,100,
Tea Bags Pack,Beverages,STK-0010,3,pack,12,1500,1100,
Rice 1kg,Food Staples,STK-0011,10,kg,50,1800,1400,
Rice 5kg,Food Staples,STK-0012,3,bag,10,8500,7000,
Beans 1kg,Food Staples,STK-0013,5,kg,25,2200,1700,
Garri 1kg,Food Staples,STK-0014,6,kg,30,1200,800,
Semolina 1kg,Food Staples,STK-0015,4,kg,20,1800,1300,
Spaghetti 500g,Food Staples,STK-0016,4,pack,24,1200,850,
Instant Noodles Single Pack,Food Staples,STK-0017,8,pack,40,600,430,
Instant Noodles Carton,Food Staples,STK-0018,3,carton,5,12500,10000,
Wheat Flour 1kg,Food Staples,STK-0019,4,pack,20,1600,1200,
Oats 500g,Food Staples,STK-0020,3,pack,12,2500,1900,
Vegetable Oil 1L,Cooking Ingredients,STK-0021,3,bottle,12,2800,2200,
Vegetable Oil 5L,Cooking Ingredients,STK-0022,3,gallon,4,12500,10500,
Tomato Paste Sachet,Cooking Ingredients,STK-0023,20,sachet,100,200,130,
Tomato Paste Tin,Cooking Ingredients,STK-0024,4,tin,24,500,350,
Seasoning Cubes Pack,Cooking Ingredients,STK-0025,4,pack,24,700,500,
Salt 500g,Cooking Ingredients,STK-0026,4,pack,24,500,300,
Sugar 1kg,Cooking Ingredients,STK-0027,4,pack,20,1800,1300,
Mayonnaise 500ml,Cooking Ingredients,STK-0028,3,bottle,6,3000,2300,
Ketchup 500ml,Cooking Ingredients,STK-0029,3,bottle,12,1800,1300,
Curry Powder Sachet,Cooking Ingredients,STK-0030,10,sachet,50,150,80,
Biscuits Small Pack,Snacks,STK-0031,9,pack,48,250,150,
Cream Biscuits,Snacks,STK-0032,4,pack,24,500,320,
Potato Chips Small,Snacks,STK-0033,4,pack,24,500,300,
Groundnuts Pack,Snacks,STK-0034,6,pack,30,300,180,
Chocolate Bar,Snacks,STK-0035,4,bar,24,700,450,
Chewing Gum Pack,Snacks,STK-0036,4,pack,20,500,300,
Bathing Soap,Household & Cleaning,STK-0037,4,bar,24,800,550,
Laundry Detergent 500g,Household & Cleaning,STK-0038,4,pack,20,1200,850,
Dishwashing Liquid 500ml,Household & Cleaning,STK-0039,3,bottle,12,1500,1000,
Bleach 1L,Household & Cleaning,STK-0040,3,bottle,12,1200,800,
Toilet Tissue Roll,Household & Cleaning,STK-0041,9,roll,48,500,300,
Air Freshener,Household & Cleaning,STK-0042,3,can,12,2500,1800,
Matches Box,Household & Cleaning,STK-0043,10,box,50,100,50,
Garbage Bag Pack,Household & Cleaning,STK-0044,4,pack,20,700,400,
Toothpaste 100ml,Personal Care,STK-0045,3,tube,12,1800,1300,
Toothbrush,Personal Care,STK-0046,4,piece,24,700,400,
Body Lotion 400ml,Personal Care,STK-0047,3,bottle,6,3500,2600,
Deodorant,Personal Care,STK-0048,3,can,12,2500,1800,
Sanitary Pads Pack,Personal Care,STK-0049,4,pack,20,1500,1000,
Baby Diapers Small Pack,Baby Products,STK-0050,3,pack,12,2500,1800,
Baby Wipes,Baby Products,STK-0051,3,pack,12,1200,800,
A4 Paper Ream,Stationery,STK-0052,3,ream,10,6500,5200,
Blue Ballpoint Pen,Stationery,STK-0053,10,piece,50,200,100,
Exercise Book,Stationery,STK-0054,8,piece,40,500,300,
AA Batteries Pair,Electronics & Accessories,STK-0055,4,pair,20,800,500,
LED Bulb 9W,Electronics & Accessories,STK-0056,3,piece,12,1800,1200,
Phone Charging Cable,Electronics & Accessories,STK-0057,3,piece,10,2500,1600,
Disposable Plates Pack,Kitchen & Disposable Items,STK-0058,3,pack,10,1200,750,
Plastic Spoon Pack,Kitchen & Disposable Items,STK-0059,3,pack,10,700,400,
